{
    "あ": 0.0,
    "い": 0.024560999125242233,
    "う": 0.0,
    "え": 0.0,
    "お": 0.0,
    "にやり": 0.4636189937591553,
    "ワ": 0.0,
    "ん": 0.7473679780960083,
    "い１": 0.11422400176525116,
    "い２": 0.37918099761009216,
    "あ２": 0.0,
    "にやり２": 0.2829659879207611,
    "にっこり": 0.0,
    "ω": 0.0,
    "てへぺろ": 0.0,
    "ぺろっ": 0.0,
    "口角上げ": 0.5,
    "口横広げ": 0.0,
    "口横狭め": 0.4647330045700073,
    "舌広げ": 0.0,
    "まばたき": 0.0,
    "笑い": 0.0,
    "なごみ": 0.0,
    "ウィンク": 0.0,
    "ウィンク右": 0.0,
    "ウィンク２": 0.0,
    "ウィンク２右": 0.0,
    " なごみ左": 0.0,
    "なごみ右": 0.0,
    "びっくり": 0.0,
    "じと目": 0.1553180068731308,
    "喜び": 0.07171300053596497,
    "怒り目": 1.0,
    "ジト目": 0.0,
    "眼角上": 0.13750000298023224,
    "眼角下": 0.0,
    "下眼上": 0.0,
    "真面目": 0.3585659861564636,
    "困る": 0.0,
    "にこり": 0.1876640021800995,
    "怒り": 0.8118900060653687,
    "困る２": 0.0,
    "上": 0.0,
    "下": 0.0,
    "前": 0.1992029994726181,
    "困る左": 0.0,
    "困る右": 0.0,
    "にこり左": 0.0,
    "にこり右": 0.0,
    "怒り左": 0.2913140058517456,
    "怒り右": 0.0,
    "困る２左": 0.0,
    "困る２右": 0.0,
    "上左": 0.0,
    "上右": 0.0,
    "下左": 0.13147400319576263,
    "下右": 0.1633470058441162,
    "前左": 0.0,
    "前右": 0.1952189952135086,
    "星目": 0.0,
    "照れ": 0.0
}