{
    "あ": 0.0,
    "い": 0.0,
    "う": 0.0,
    "え": 0.0,
    "お": 0.0,
    "にやり": 0.014999999664723873,
    "ワ": 0.0,
    "ん": 0.14499999582767487,
    "い１": 0.1345919966697693,
    "い２": 0.4575510025024414,
    "あ２": 0.0,
    "にやり２": 0.0,
    "にっこり": 0.0,
    "ω": 0.017500000074505806,
    "てへぺろ": 0.0,
    "ぺろっ": 0.0,
    "口角上げ": 0.5,
    "口横広げ": 0.0,
    "口横狭め": 0.15510199964046478,
    "舌広げ": 0.0,
    "まばたき": 0.0,
    "笑い": 0.0,
    "なごみ": 0.0,
    "ウィンク": 0.0,
    "ウィンク右": 0.0,
    "ウィンク２": 0.0,
    "ウィンク２右": 0.0,
    " なごみ左": 0.0,
    "なごみ右": 0.0,
    "びっくり": 0.0,
    "じと目": 0.3505370020866394,
    "喜び": 0.0,
    "怒り目": 0.7402390241622925,
    "ジト目": 0.0,
    "眼角上": 0.13750000298023224,
    "眼角下": 0.0,
    "下眼上": 0.0,
    "真面目": 0.23749999701976776,
    "困る": 0.13469399511814117,
    "にこり": 0.028571000322699547,
    "怒り": 0.42170199751853943,
    "困る２": 0.0,
    "上": 0.0,
    "下": 0.0,
    "前": 0.1952189952135086,
    "困る左": 0.0,
    "困る右": 0.0,
    "にこり左": 0.0,
    "にこり右": 0.0,
    "怒り左": 0.37213701009750366,
    "怒り右": 0.0,
    "困る２左": 0.0,
    "困る２右": 0.0,
    "上左": 0.0,
    "上右": 0.125,
    "下左": 0.2829580008983612,
    "下右": 0.11553800106048584,
    "前左": 0.0,
    "前右": 0.42625701427459717,
    "星目": 0.0,
    "照れ": 0.0
}