{
    "あ": 0.0,
    "い": 0.0,
    "う": 0.0,
    "え": 0.0,
    "お": 0.0,
    "にやり": 0.0,
    "ワ": 0.0,
    "ん": 0.4650000035762787,
    "い１": 0.15619899332523346,
    "い２": 0.10857100039720535,
    "あ２": 0.0,
    "にやり２": 0.0,
    "にっこり": 0.08959200233221054,
    "ω": 0.0,
    "てへぺろ": 0.0,
    "ぺろっ": 0.0,
    "口角上げ": 0.23999999463558197,
    "口横広げ": 0.0,
    "口横狭め": 0.13469399511814117,
    "舌広げ": 0.0,
    "まばたき": 0.0,
    "笑い": 0.0,
    "なごみ": 0.0,
    "ウィンク": 0.0,
    "ウィンク右": 0.0,
    "ウィンク２": 0.0,
    "ウィンク２右": 0.0,
    " なごみ左": 0.0,
    "なごみ右": 0.0,
    "びっくり": 0.0,
    "じと目": 0.0,
    "喜び": 0.0,
    "怒り目": 0.3654800057411194,
    "ジト目": 0.0,
    "眼角上": 0.0,
    "眼角下": 0.7006300091743469,
    "下眼上": 0.0,
    "真面目": 0.36250001192092896,
    "困る": 0.4628390073776245,
    "にこり": 0.0,
    "怒り": 0.0,
    "困る２": 0.33250001072883606,
    "上": 0.0,
    "下": 0.05000000074505806,
    "前": 0.2824999988079071,
    "困る左": 0.06499999761581421,
    "困る右": 0.0,
    "にこり左": 0.0,
    "にこり右": 0.0,
    "怒り左": 0.0,
    "怒り右": 0.0,
    "困る２左": 0.004999999888241291,
    "困る２右": 0.13645699620246887,
    "上左": 0.0,
    "上右": 0.0,
    "下左": 0.32188498973846436,
    "下右": 0.0,
    "前左": 0.027499999850988388,
    "前右": 0.20000000298023224,
    "星目": 0.0,
    "照れ": 0.0
}