{
    "あ": 0.0,
    "い": 0.019920000806450844,
    "う": 0.0,
    "え": 0.0,
    "お": 0.0,
    "にやり": 0.1034879982471466,
    "ワ": 0.0,
    "ん": 0.9124119877815247,
    "い１": 0.0,
    "い２": 0.5378779768943787,
    "あ２": 0.0,
    "にやり２": 0.0,
    "にっこり": 0.12846599519252777,
    "ω": 0.13895399868488312,
    "てへぺろ": 0.0,
    "ぺろっ": 0.0,
    "口角上げ": 0.0,
    "口横広げ": 0.0,
    "口横狭め": 0.5224490165710449,
    "舌広げ": 0.0,
    "まばたき": 0.0,
    "笑い": 0.05140399932861328,
    "なごみ": 0.0,
    "ウィンク": 0.02250000089406967,
    "ウィンク右": 0.057500001043081284,
    "ウィンク２": 0.0,
    "ウィンク２右": 0.0,
    " なごみ左": 0.0,
    "なごみ右": 0.0,
    "びっくり": 0.0,
    "じと目": 0.0,
    "喜び": 0.7290840148925781,
    "怒り目": 0.3393529951572418,
    "ジト目": 0.0,
    "眼角上": 0.3824700117111206,
    "眼角下": 0.0,
    "下眼上": 0.0,
    "真面目": 0.630827009677887,
    "困る": 1.0,
    "にこり": 0.0,
    "怒り": 0.7450199723243713,
    "困る２": 0.3833569884300232,
    "上": 0.0,
    "下": 0.0,
    "前": 0.7171319723129272,
    "困る左": 0.23022900521755219,
    "困る右": 0.0,
    "にこり左": 0.0,
    "にこり右": 0.1792829930782318,
    "怒り左": 0.0,
    "怒り右": 0.019920000806450844,
    "困る２左": 0.0,
    "困る２右": 0.0,
    "上左": 0.0,
    "上右": 0.0,
    "下左": 0.3545820116996765,
    "下右": 0.6250399947166443,
    "前左": 0.33527401089668274,
    "前右": 0.0,
    "星目": 0.0,
    "照れ": 0.0
}