{
    "あ": 0.0,
    "い": 0.0,
    "う": 0.0,
    "え": 0.0,
    "お": 0.0,
    "にやり": 0.046254999935626984,
    "ワ": 0.0,
    "ん": 0.721114993095398,
    "い１": 0.08054199814796448,
    "い２": 0.4077959954738617,
    "あ２": 0.0,
    "にやり２": 0.35646799206733704,
    "にっこり": 0.09671299904584885,
    "ω": 0.11952199786901474,
    "てへぺろ": 0.0,
    "ぺろっ": 0.0,
    "口角上げ": 0.0,
    "口横広げ": 0.0,
    "口横狭め": 0.6367490291595459,
    "舌広げ": 0.0,
    "まばたき": 0.0,
    "笑い": 0.0,
    "なごみ": 0.0,
    "ウィンク": 0.0,
    "ウィンク右": 0.0,
    "ウィンク２": 0.0,
    "ウィンク２右": 0.0,
    " なごみ左": 0.0,
    "なごみ右": 0.0,
    "びっくり": 0.0,
    "じと目": 0.33851000666618347,
    "喜び": 1.0,
    "怒り目": 0.0,
    "ジト目": 0.0,
    "眼角上": 0.0,
    "眼角下": 0.0,
    "下眼上": 0.0,
    "真面目": 0.414342999458313,
    "困る": 0.6852589845657349,
    "にこり": 0.5315960049629211,
    "怒り": 0.11641400307416916,
    "困る２": 0.6254979968070984,
    "上": 0.0,
    "下": 0.0,
    "前": 0.28685298562049866,
    "困る左": 0.09960199892520905,
    "困る右": 0.0,
    "にこり左": 0.09749999642372131,
    "にこり右": 0.0,
    "怒り左": 0.0,
    "怒り右": 0.1912350058555603,
    "困る２左": 0.0,
    "困る２右": 0.0,
    "上左": 0.0,
    "上右": 0.0,
    "下左": 0.4621509909629822,
    "下右": 0.5504279732704163,
    "前左": 0.0,
    "前右": 0.06374499946832657,
    "星目": 0.0,
    "照れ": 1.0
}