{
    "あ": 0.0,
    "い": 0.0,
    "う": 0.0,
    "え": 0.0,
    "お": 0.0,
    "にやり": 0.05820700153708458,
    "ワ": 0.0,
    "ん": 0.5458170175552368,
    "い１": 0.0,
    "い２": 0.1383810043334961,
    "あ２": 0.0,
    "にやり２": 0.13536299765110016,
    "にっこり": 0.2061849981546402,
    "ω": 0.1593630015850067,
    "てへぺろ": 0.0,
    "ぺろっ": 0.0,
    "口角上げ": 0.0,
    "口横広げ": 0.0,
    "口横狭め": 0.5247949957847595,
    "舌広げ": 0.0,
    "まばたき": 0.0,
    "笑い": 0.0,
    "なごみ": 0.0,
    "ウィンク": 0.0,
    "ウィンク右": 0.0,
    "ウィンク２": 0.0,
    "ウィンク２右": 0.0,
    " なごみ左": 0.0,
    "なごみ右": 0.0,
    "びっくり": 0.0,
    "じと目": 0.06218399852514267,
    "喜び": 1.0,
    "怒り目": 0.0,
    "ジト目": 0.0,
    "眼角上": 0.31474098563194275,
    "眼角下": 0.0,
    "下眼上": 0.0,
    "真面目": 0.25896400213241577,
    "困る": 0.5657370090484619,
    "にこり": 0.7108790278434753,
    "怒り": 0.18015900254249573,
    "困る２": 0.3864539861679077,
    "上": 0.0,
    "下": 0.0,
    "前": 0.2151390016078949,
    "困る左": 0.04780900105834007,
    "困る右": 0.0,
    "にこり左": 0.06961199641227722,
    "にこり右": 0.0,
    "怒り左": 0.0,
    "怒り右": 0.16733099520206451,
    "困る２左": 0.0,
    "困る２右": 0.0,
    "上左": 0.0,
    "上右": 0.0,
    "下左": 0.171314999461174,
    "下右": 0.2396710067987442,
    "前左": 0.0,
    "前右": 0.03187299892306328,
    "星目": 0.0,
    "照れ": 1.0
}