{
    "あ": 0.0,
    "い": 0.0779080018401146,
    "う": 0.0,
    "え": 0.0,
    "お": 0.0,
    "にやり": 0.19249999523162842,
    "ワ": 0.0,
    "ん": 0.7789040207862854,
    "い１": 0.17889399826526642,
    "い２": 0.09229599684476852,
    "あ２": 0.0,
    "にやり２": 0.0,
    "にっこり": 0.2409210056066513,
    "ω": 0.0,
    "てへぺろ": 0.0,
    "ぺろっ": 0.0,
    "口角上げ": 0.0,
    "口横広げ": 0.0,
    "口横狭め": 0.37400299310684204,
    "舌広げ": 0.0,
    "まばたき": 0.0,
    "笑い": 0.0,
    "なごみ": 0.04210500046610832,
    "ウィンク": 0.0,
    "ウィンク右": 0.0,
    "ウィンク２": 0.0,
    "ウィンク２右": 0.0,
    " なごみ左": 0.0,
    "なごみ右": 0.0,
    "びっくり": 0.0,
    "じと目": 0.0,
    "喜び": 0.5192980170249939,
    "怒り目": 0.21797999739646912,
    "ジト目": 0.0,
    "眼角上": 0.0,
    "眼角下": 0.21333299577236176,
    "下眼上": 0.0,
    "真面目": 0.6675000190734863,
    "困る": 0.8228390216827393,
    "にこり": 0.0,
    "怒り": 0.16750000417232513,
    "困る２": 0.33250001072883606,
    "上": 0.0,
    "下": 0.0,
    "前": 0.5575000047683716,
    "困る左": 0.06499999761581421,
    "困る右": 0.0,
    "にこり左": 0.0,
    "にこり右": 0.0,
    "怒り左": 0.0,
    "怒り右": 0.0,
    "困る２左": 0.004999999888241291,
    "困る２右": 0.13645699620246887,
    "上左": 0.0,
    "上右": 0.0,
    "下左": 0.5888170003890991,
    "下右": 0.26294800639152527,
    "前左": 0.027499999850988388,
    "前右": 0.20000000298023224,
    "星目": 0.0,
    "照れ": 0.0
}