{
    "あ": 0.0,
    "い": 0.021289000287652016,
    "う": 0.0,
    "え": 0.0,
    "お": 0.0,
    "にやり": 0.0,
    "ワ": 0.003984000068157911,
    "ん": 0.7066280245780945,
    "い１": 0.01704300008714199,
    "い２": 0.18477599322795868,
    "あ２": 0.0,
    "にやり２": 0.0,
    "にっこり": 0.0640380010008812,
    "ω": 0.1593630015850067,
    "てへぺろ": 0.0,
    "ぺろっ": 0.0,
    "口角上げ": 0.0,
    "口横広げ": 0.0,
    "口横狭め": 0.23265300691127777,
    "舌広げ": 0.0,
    "まばたき": 0.0,
    "笑い": 0.0,
    "なごみ": 0.0,
    "ウィンク": 0.02250000089406967,
    "ウィンク右": 0.057500001043081284,
    "ウィンク２": 0.0,
    "ウィンク２右": 0.0,
    " なごみ左": 0.0,
    "なごみ右": 0.0,
    "びっくり": 0.0,
    "じと目": 0.07898399978876114,
    "喜び": 0.8247010111808777,
    "怒り目": 0.060467999428510666,
    "ジト目": 0.0,
    "眼角上": 0.5498009920120239,
    "眼角下": 0.0,
    "下眼上": 0.0,
    "真面目": 0.25632500648498535,
    "困る": 0.7960240244865417,
    "にこり": 0.0,
    "怒り": 0.3545820116996765,
    "困る２": 0.26781898736953735,
    "上": 0.0,
    "下": 0.0,
    "前": 0.24701200425624847,
    "困る左": 0.16249999403953552,
    "困る右": 0.0,
    "にこり左": 0.0,
    "にこり右": 0.12748999893665314,
    "怒り左": 0.0,
    "怒り右": 0.0,
    "困る２左": 0.0,
    "困る２右": 0.0,
    "上左": 0.0,
    "上右": 0.0,
    "下左": 0.2509959936141968,
    "下右": 0.47762900590896606,
    "前左": 0.5265089869499207,
    "前右": 0.08764900267124176,
    "星目": 0.0,
    "照れ": 0.0
}