{
    "あ": 0.0,
    "い": 0.0,
    "う": 0.0,
    "え": 0.0,
    "お": 0.0,
    "にやり": 0.08211199939250946,
    "ワ": 0.0,
    "ん": 0.33067700266838074,
    "い１": 0.0,
    "い２": 0.08376500010490417,
    "あ２": 0.0,
    "にやり２": 0.13249999284744263,
    "にっこり": 0.02500000037252903,
    "ω": 0.1418450027704239,
    "てへぺろ": 0.0,
    "ぺろっ": 0.0,
    "口角上げ": 0.0,
    "口横広げ": 0.0,
    "口横狭め": 0.16733099520206451,
    "舌広げ": 0.0,
    "まばたき": 0.0,
    "笑い": 0.039840999990701675,
    "なごみ": 0.0,
    "ウィンク": 0.0,
    "ウィンク右": 0.0,
    "ウィンク２": 0.0,
    "ウィンク２右": 0.0,
    " なごみ左": 0.0,
    "なごみ右": 0.0,
    "びっくり": 0.0,
    "じと目": 0.27732300758361816,
    "喜び": 0.1752990037202835,
    "怒り目": 0.22709199786186218,
    "ジト目": 0.0,
    "眼角上": 0.0,
    "眼角下": 0.0,
    "下眼上": 0.0,
    "真面目": 0.16491200029850006,
    "困る": 0.5410640239715576,
    "にこり": 0.34832999110221863,
    "怒り": 0.271793007850647,
    "困る２": 0.0,
    "上": 0.0,
    "下": 0.0,
    "前": 0.04912300035357475,
    "困る左": 0.0,
    "困る右": 0.0,
    "にこり左": 0.09749999642372131,
    "にこり右": 0.0,
    "怒り左": 0.0,
    "怒り右": 0.0,
    "困る２左": 0.0,
    "困る２右": 0.0,
    "上左": 0.04500000178813934,
    "上右": 0.0,
    "下左": 0.0,
    "下右": 0.032499998807907104,
    "前左": 0.0,
    "前右": 0.0,
    "星目": 0.0,
    "照れ": 1.0
}