{
    "あ": 0.0,
    "い": 0.0,
    "う": 0.0,
    "え": 0.0,
    "お": 0.007499999832361937,
    "にやり": 0.2071709930896759,
    "ワ": 0.0,
    "ん": 0.49402400851249695,
    "い１": 0.14284099638462067,
    "い２": 0.30259400606155396,
    "あ２": 0.0,
    "にやり２": 0.0,
    "にっこり": 0.0,
    "ω": 0.0,
    "てへぺろ": 0.0,
    "ぺろっ": 0.0,
    "口角上げ": 0.5,
    "口横広げ": 0.0,
    "口横狭め": 0.2653059959411621,
    "舌広げ": 0.0,
    "まばたき": 0.0,
    "笑い": 0.0,
    "なごみ": 0.0,
    "ウィンク": 0.0,
    "ウィンク右": 0.0,
    "ウィンク２": 0.0,
    "ウィンク２右": 0.0,
    " なごみ左": 0.0,
    "なごみ右": 0.0,
    "びっくり": 0.0,
    "じと目": 0.0,
    "喜び": 0.04780900105834007,
    "怒り目": 0.06772899627685547,
    "ジト目": 0.0,
    "眼角上": 0.5685399770736694,
    "眼角下": 0.0,
    "下眼上": 0.0,
    "真面目": 0.6365339756011963,
    "困る": 0.5824099779129028,
    "にこり": 0.39708200097084045,
    "怒り": 0.057509999722242355,
    "困る２": 0.14741000533103943,
    "上": 0.0,
    "下": 0.0,
    "前": 0.09561800211668015,
    "困る左": 0.03750000149011612,
    "困る右": 0.0,
    "にこり左": 0.0,
    "にこり右": 0.5732399821281433,
    "怒り左": 0.0,
    "怒り右": 0.0,
    "困る２左": 0.0,
    "困る２右": 0.0,
    "上左": 0.27342599630355835,
    "上右": 0.2702989876270294,
    "下左": 0.0,
    "下右": 0.0,
    "前左": 0.36000001430511475,
    "前右": 0.4173249900341034,
    "星目": 0.0,
    "照れ": 0.0
}