{
    "あ": 0.0,
    "い": 0.0,
    "う": 0.0,
    "え": 0.0,
    "お": 0.0,
    "にやり": 0.0,
    "ワ": 0.0,
    "ん": 0.08421099931001663,
    "い１": 0.0,
    "い２": 0.49940499663352966,
    "あ２": 0.0,
    "にやり２": 0.0,
    "にっこり": 0.0,
    "ω": 0.2567180097103119,
    "てへぺろ": 0.0,
    "ぺろっ": 0.0,
    "口角上げ": 0.5,
    "口横広げ": 0.0,
    "口横狭め": 0.0979589968919754,
    "舌広げ": 0.0,
    "まばたき": 0.0,
    "笑い": 0.03500000014901161,
    "なごみ": 0.0,
    "ウィンク": 0.0,
    "ウィンク右": 0.0,
    "ウィンク２": 0.0,
    "ウィンク２右": 0.0,
    " なごみ左": 0.0,
    "なごみ右": 0.0,
    "びっくり": 0.0,
    "じと目": 0.0,
    "喜び": 0.06499999761581421,
    "怒り目": 0.13249999284744263,
    "ジト目": 0.0,
    "眼角上": 0.5406519770622253,
    "眼角下": 0.0,
    "下眼上": 0.0,
    "真面目": 0.27000001072883606,
    "困る": 0.4350000023841858,
    "にこり": 0.042500000447034836,
    "怒り": 0.1850000023841858,
    "困る２": 0.0,
    "上": 0.0,
    "下": 0.0,
    "前": 0.0,
    "困る左": 0.03750000149011612,
    "困る右": 0.0,
    "にこり左": 0.0,
    "にこり右": 0.5732399821281433,
    "怒り左": 0.0,
    "怒り右": 0.0,
    "困る２左": 0.0,
    "困る２右": 0.0,
    "上左": 0.1897609978914261,
    "上右": 0.17866499722003937,
    "下左": 0.0,
    "下右": 0.0,
    "前左": 0.36000001430511475,
    "前右": 0.4173249900341034,
    "星目": 0.0,
    "照れ": 0.0
}